Longitude,Latitude,UHI Index,UHI Index binned
-73.971665,40.78876333,0.9724699896574021,0.9625000000000001
-73.97192833,40.788875,0.9734949910640717,0.9625
-73.96708,40.78908,0.9780250030755997,0.9625
-73.97255,40.78908167,0.9714449900388717,0.9625
-73.96969667,40.78795333,0.9703450006246567,0.9605
-73.97021167,40.78418333,0.9639999961853027,0.9595
-73.96975167,40.78470833,0.959394998550415,0.9615
-73.96676667,40.78886333,0.9628349936008453,0.958
-73.97130333,40.788585,0.9738600027561187,0.9604999999999999
-73.966635,40.78418333,0.9659299904108047,0.9615
-73.98672167,40.78182667,0.973535007238388,0.9735000000000001
-73.95032333,40.81512333,0.9827400106191635,0.9725000000000001
-73.98230833,40.76774167,0.9753899866342545,0.9715
-73.96508333,40.78370667,0.9680550020933151,0.97
-73.97968333,40.77094667,0.9706799954175949,0.9664999999999999
-73.95570333,40.79593833,0.9747750127315521,0.9735000000000003
-73.97289167,40.78512667,0.9716100168228149,0.97
-73.95583833,40.78309833,0.9751799994707108,0.9699106103605585
-73.96325,40.781915,0.9681750005483627,0.9674912194509927
-73.94459,40.777375,0.9737050074338913,0.9702344262747287
-73.97195,40.78476,0.9703050184249878,0.9703637646944273
-73.94579667,40.781725,0.9763950091600418,0.9740481132761781
-73.98071167,40.78740333,0.9797300106287002,0.9767951724515544
-73.96015833,40.758905,0.9747250193357467,0.9729234995673852
-73.98460333,40.78264333,0.9765300005674362,0.9707026334332534
-73.97688333,40.79036333,0.9796350079774857,0.9746476794665739
-73.94998833,40.81563833,0.974705011844635,0.9734999999999999
-73.94784,40.77889,0.9765450114011764,0.9734999999999999
-73.973275,40.78934667,0.9671299993991852,0.9673902681202545
-73.95970667,40.79867333,0.9852599960565567,0.971533544019852
-73.94704833,40.78009,0.9775300192832946,0.9722170138982376
-73.982415,40.76795333,0.9710900092124939,0.9685809960605478
-73.97984667,40.78694667,0.9803200089931488,0.9744330453583572
-73.98738167,40.78111,0.9822649997472763,0.9740208676276438
-73.97607667,40.789975,0.9778349959850311,0.9715
-73.96195667,40.79138333,0.9720349979400634,0.967056647109177
-73.97963,40.78667,0.9826600086688996,0.9737270467510826
-73.95438833,40.78251333,0.9768350088596344,0.9685000000000002
-73.96295833,40.79177333,0.9699600040912628,0.9689658349336547
-73.941705,40.790355,0.9850149995088577,0.9768087355431924
-73.98581667,40.78309667,0.969514998793602,0.9694605588010651
-73.96991,40.79022,0.9822300052642823,0.9729637002905729
-73.95996333,40.79833667,0.9769799929857254,0.9708950244753851
-73.98242,40.76804,0.972875000834465,0.9703535030484293
-73.97728333,40.77158667,0.9816200053691864,0.9744439878272694
-73.94637333,40.77291833,0.9712049853801727,0.9675
-73.96973667,40.79016,0.9818349987268448,0.9720020432492908
-73.95559167,40.796185,0.9771900087594986,0.9777400080596621
-73.96010333,40.75887667,0.9752450221776963,0.9724999999999999
-73.97565,40.78978167,0.9733499950170517,0.9716367412651883
-73.95958667,40.79883167,0.9745349913835526,0.9664999999999999
-73.95093167,40.81433333,0.9851800137758255,0.9741328203027033
-73.98085833,40.76942167,0.9741950070858002,0.9744150876617395
-73.96359333,40.78273833,0.9698099982738495,0.9665000000000001
-73.96236,40.78117,0.9743749988079071,0.966724551201622
-73.98243167,40.76812833,0.9713949972391128,0.9707278966903894
-73.98065667,40.78737833,0.9817500114440918,0.9725000000000001
-73.96223833,40.79151333,0.968560009598732,0.9682625669120272
-73.97228167,40.784905,0.9694649887084961,0.9665265081959851
-73.984475,40.78302333,0.9789349907636642,0.9715
-73.97515667,40.78964,0.9742400133609772,0.9734999999999999
-73.96217833,40.78093667,0.9779049986600876,0.9683338664101443
-73.95764833,40.7896,0.9802950161695481,0.9809102885943716
-73.89286,40.84138833,0.9856650042533874,0.9852729030332007
-73.95836333,40.78989667,0.9763750034570694,0.9795728567822433
-73.93310667,40.79522,0.9851349902153015,0.9834074824917218
-73.898815,40.80721667,0.9774400097131729,0.9761670869132837
-73.975995,40.78651667,0.9828800058364868,0.9820292918512884
-73.98061167,40.78789333,0.9843400067090988,0.9782520082105208
-73.96706333,40.807085,0.9821500039100647,0.9792209254299509
-73.96702333,40.79345333,0.9842850112915039,0.987139495360567
-73.98249667,40.77439333,0.9839049935340881,0.9799266897135628
-73.95459,40.79726333,0.9822049903869629,0.9810491422133787
-73.93384167,40.79543,0.9912149852514267,0.983
-73.97887167,40.78633833,0.9799949997663497,0.9824364818199467
-73.98053,40.78922667,0.9822900032997132,0.9763763727148487
-73.9723,40.79635667,0.9797150194644928,0.9775
-73.98471,40.785675,0.9825100076198577,0.9871082076000984
-73.98227833,40.77546,0.9816049867868424,0.9805000000000001
-73.94239,40.78637333,0.983839989900589,0.981998661864111
-73.97824333,40.78618,0.9779650014638901,0.9791759303989567
-73.97923667,40.78652667,0.9790150082111359,0.976
-73.977965,40.79070667,0.9814800053834916,0.9758407112522327
-73.973785,40.78925667,0.9759500098228454,0.9734999999999999
-73.95881833,40.79981333,0.9796499937772751,0.9717598667995935
-73.98191,40.76774,0.9786450141668319,0.9773209496695874
-73.98061833,40.78785167,0.9772200101613998,0.9771095039694654
-73.92448833,40.84360667,0.9825300061702729,0.9794164997429057
-73.89894667,40.80784333,0.9820050060749054,0.980054854868745
-73.95300667,40.768135,0.9842699986696243,0.9800828613992175
-73.956465,40.79106833,0.9789600086212158,0.9775
-73.94668333,40.78053667,0.9783550101518631,0.9730103481671565
-73.955205,40.795475,0.9773000061511994,0.976
-73.97388833,40.79209333,0.9771150124073028,0.9773482600219717
-73.95322833,40.78605333,0.9792850148677826,0.9775000000000003
-73.97746833,40.78691833,0.9766300064325333,0.9809119180027773
-73.93201,40.79670167,0.9833199942111969,0.981866534189915
-73.982295,40.77552167,0.9811199897527695,0.9828776647788136
-73.94437,40.77540667,0.9778150081634521,0.9748190266516913
-73.97374167,40.79201333,0.9771200132369995,0.9775
-73.94584167,40.78166,0.9791100108623505,0.9758006728284772
-73.97750833,40.78687833,0.9810800021886825,0.9798698391190779
-73.98251167,40.77422333,0.9802899891138077,0.980288417177581
-73.95585,40.80458667,0.9872249865531921,0.9843400846821625
-73.89406167,40.84209167,0.9764650017023087,0.9744999999999999
-73.94356667,40.776545,0.9768350058794022,0.9756126275544045
-73.97264167,40.79146333,0.9826200145483017,0.9819151578464943
-73.980605,40.78903,0.9764350056648254,0.9780827291444443
-73.95382833,40.78774167,0.9808400148153305,0.9807053915157361
-73.96049833,40.75905833,0.9756300103664398,0.9738862515708073
-73.94182667,40.79043,0.9877749925851822,0.9819189677105319
-73.95644,40.78324167,0.9760450083017349,0.9754444112853389
-73.95949,40.75906667,0.9796550160646439,0.9724999999999999
-73.97020667,40.79417333,0.9836849999427796,0.9848229921862973
-73.89813167,40.81011333,0.984290001988411,0.9785
-73.94727833,40.77857833,0.9808800053596497,0.9785564145619947
-73.97653167,40.78666,0.9776000088453293,0.9759681876291356
-73.98390167,40.78367667,0.9825300014019013,0.9758976861208781
-73.899475,40.80542167,0.9816600060462952,0.9772120392106529
-73.95653167,40.79101833,0.979270008802414,0.9775
-73.94396667,40.77597333,0.9801350015401841,0.9816650675849251
-73.98472333,40.78499833,0.974030002951622,0.9750092498805542
-73.94893667,40.77330833,0.9821300143003464,0.9816890515963841
-73.98470667,40.78573,0.9825150030851364,0.9858160865080329
-73.96068667,40.75916167,0.978715010881424,0.9775
-73.951185,40.79774,0.9852849948406219,0.9812001831825082
-73.95443833,40.797615,0.9818149936199189,0.983
-73.97065667,40.76783,0.9821299988031388,0.9837340709970113
-73.95697833,40.783335,0.9814500176906585,0.9812924988158358
-73.95362833,40.78617833,0.9774900084733963,0.9775
-73.93213833,40.79653667,0.9892500007152557,0.9803198865532121
-73.95492333,40.79676667,0.9846449953317642,0.9907443325480374
-73.887255,40.82287167,0.9832950067520142,0.9768982793733303
-73.95680833,40.79073667,0.9763050144910812,0.9734730946188763
-73.92461167,40.84343167,0.9824950027465821,0.9792754376667633
-73.902365,40.80613167,0.9850599873065948,0.9814499613762158
-73.89948167,40.81362667,0.9808349913358688,0.9801559692827275
-73.9465,40.78071167,0.9767750090360642,0.976
-73.947145,40.805955,1.001619997024536,0.9875
-73.95983667,40.80953,0.9749949860572815,0.9675
-73.95479667,40.79690667,0.9839299863576889,0.9824555855223285
-73.945695,40.78186167,0.9834500080347062,0.9741833459243006
-73.971625,40.791,0.9843600112199783,0.9815000000000002
-73.97831833,40.7908,0.9811250048875809,0.9772480180085308
-73.97892167,40.79080333,0.9809900176525116,0.9811987937368778
-73.88750833,40.8226,0.9856400060653686,0.9804312623006913
-73.983185,40.78434667,0.9825150096416473,0.9798828270500465
-73.97217667,40.7966,0.9837200123071671,0.9781131829771585
-73.94266,40.78591667,0.9828199911117553,0.9808267715256868
-73.94932167,40.77342667,0.9857200086116791,0.9821729805575714
-73.98251167,40.77396333,0.9801149892807007,0.9805000000000001
-73.94351667,40.77660833,0.976505007147789,0.976
-73.95702833,40.79038833,0.9746650153398514,0.9725000000000001
-73.96737333,40.806175,0.9805800038576126,0.9795
-73.95818167,40.78188,0.9900050008296967,0.9803580559727013
-73.94980333,40.816245,0.9815250027179718,0.9785000000000001
-73.91806833,40.83678667,0.983515003323555,0.9841083162522224
-73.95192833,40.77375833,0.9898599928617478,0.9840789378306996
-73.95868167,40.79000333,0.9766399961709976,0.9745000000000001
-73.96004167,40.773365,0.986384990811348,0.9831895948871301
-73.89871333,40.806685,0.9781200081110001,0.9752500008671718
-73.92465667,40.843095,0.9856650173664093,0.981319909198626
-73.98121,40.76888333,0.9854000061750412,0.9810454416917684
-73.954495,40.78656667,0.9758150017261505,0.9739304016803292
-73.95993833,40.77355667,0.9869649988412857,0.9845011058238378
-73.97859167,40.790915,0.984970001578331,0.9785
-73.95254167,40.76849333,0.9800100111961365,0.9784665284118461
-73.97175333,40.79723333,0.983924994468689,0.9795
-73.96372167,40.79215333,0.9691100054979325,0.976
-73.95286,40.78659167,0.9816200256347656,0.9815000000000002
-73.961075,40.75933833,0.9796349996328354,0.9793124749468693
-73.97226167,40.79645333,0.9819600194692611,0.981425951377139
-73.96766833,40.80002167,0.9899999988079071,0.9947159287468548
-73.949095,40.79414667,0.9920450150966644,0.9920420571604284
-73.96059167,40.797535,0.9876100015640259,0.9845
-73.93322,40.795155,0.9876400130987167,0.9867090554954464
-73.94806167,40.78681,0.9850199991464614,0.985074490138296
-73.899135,40.81350667,0.986154991388321,0.9848928407672414
-73.90962667,40.84315667,0.9901949959993362,0.9850579744106815
-73.95757833,40.76121,0.9881349807977676,0.9900178717635407
-73.91770833,40.83735333,0.9891950088739395,0.9856561278414319
-73.98724667,40.77075833,0.9887000197172164,0.9890000000000001
-73.87953667,40.80615167,0.9957299989461899,0.9915458428836843
-73.97206,40.765805,0.9843750005960464,0.9884568109891921
-73.9024,40.83370667,0.9956750082969665,0.9858691259684151
-73.95461833,40.79562833,0.9860700070858002,0.987641496463868
-73.90329667,40.811215,0.9918450051546097,0.9897303965172913
-73.93413833,40.79555833,1.0012450128793717,0.9914865028669679
-73.90040833,40.81547667,0.9915150040388108,0.9896411762998145
-73.95488,40.80417,0.9912350010871888,0.9887225498777795
-73.92372,40.84413333,0.9935700106620788,0.9918051234679091
-73.895605,40.80892667,0.9894200074672699,0.9876381486843542
-73.95195833,40.7693,0.9883200120925903,0.9873507803362346
-73.92564667,40.84142667,0.9897200149297715,0.9866518727457112
-73.942635,40.79075333,0.9965500056743621,0.9943975321641645
-73.92131667,40.83194167,0.9953550052642822,0.9938543233147256
-73.98715333,40.77091833,0.9856300157308578,0.9890000000000001
-73.89874,40.81051333,0.9809599941968918,0.9817670977649315
-73.897585,40.81975,0.9954199910163879,0.9891340384905012
-73.90627,40.843665,0.9926249992847442,0.9907105896970971
-73.970495,40.767875,0.9831150096654891,0.9855177924638057
-73.941085,40.79014833,0.989025000333786,0.9848073154743829
-73.97013333,40.79409667,0.9837699991464615,0.9847379379538698
-73.88117167,40.80541333,0.9944249999523163,0.992169873538535
-73.91002833,40.84028333,0.995334986448288,0.9904999999999999
-73.88944167,40.80749333,0.9969149941205978,0.9969451856894065
-73.95901667,40.75951,0.9835999912023544,0.9852054396953068
-73.90356167,40.817495,0.9927200037240982,0.9833936018438877
-73.96688667,40.807605,0.9880499827861786,0.9903733685269372
-73.97541167,40.786255,0.9840649861097336,0.984595247195095
-73.912915,40.835245,0.9927100157737732,0.9890670655443818
-73.89614833,40.81892,0.9914749985933304,0.9914867121652531
-73.95433333,40.78149167,0.9902000004053115,0.9913313173257754
-73.92512667,40.84229167,0.9910100090503693,0.9889760170695487
-73.90222167,40.80517667,0.9865200144052505,0.9861736558828694
-73.917745,40.83730333,0.9871750050783157,0.9860017366188417
-73.95701833,40.76218833,0.9845749872922898,0.9852952330365883
-73.91789333,40.83208833,0.9927150148153305,0.9923730977998091
-73.956985,40.76223,0.9848649889230728,0.985563813286064
-73.96148333,40.75945667,0.9824999850988388,0.983
-73.90956,40.84112667,0.9869549852609635,0.985882208134768
-73.94763167,40.7854,0.9911400145292282,0.9900072238053857
-73.97201333,40.765855,0.9882250058650971,0.9883398702431124
-73.95799667,40.76086,0.9833199840784073,0.9829999999999999
-73.96383333,40.76041333,0.9887400126457214,0.9888696758849725
-73.88087333,40.80545833,0.9916849952936172,0.989463170170675
-73.98283833,40.782095,0.9883649861812591,0.9907184076194548
-73.94646,40.785155,0.9926950109004974,0.99156442498775
-73.90953333,40.84341,0.9900899916887284,0.9901536261128159
-73.969145,40.793605,0.9806700080633164,0.9850556589230042
-73.94900333,40.79004833,0.9929299992322922,0.9887948747218307
-73.95807667,40.80547333,0.9945249980688096,0.9935490345768319
-73.98504833,40.780215,0.9857300120592117,0.9889216662407281
-73.89324667,40.84277667,0.98826001226902,0.9879268358883859
-73.95255667,40.786845,0.987965002655983,0.9922251696339479
-73.95508,40.79237667,0.9917800045013427,0.9924221667288945
-73.92208333,40.841025,0.9972600108385086,0.9906066976968535
-73.892235,40.842125,0.9863150161504746,0.9865951073005107
-73.88972167,40.80855,0.9979450052976608,0.9986039828129677
-73.958945,40.75958833,0.9886600130796432,0.9917440934922173
-73.96860667,40.76490833,0.9898600065708161,0.9885546418954483
-73.95697833,40.81226,0.9888850140571595,0.9867796602648294
-73.971345,40.76693167,0.9859650135040283,0.9867880483213284
-73.88797,40.82323333,0.9928650057315827,0.9875380457056219
-73.97463167,40.79340167,0.9888749939203262,0.9907854541619425
-73.946495,40.785135,0.9935800123214722,0.9915782130910248
-73.95584,40.79158,0.9858149921894074,0.9816792097201589
-73.91757833,40.84419667,0.9892450219392777,0.9872714300077738
-73.90011833,40.81484833,0.9937099891901017,0.9836949161318318
-73.97195667,40.76595333,0.9846150052547454,0.9891937172549298
-73.97126833,40.767035,0.9858050101995468,0.9878995671308548
-73.93475833,40.7991,0.9927550154924393,0.9895463928772074
-73.96877667,40.76495667,0.9924100041389465,0.9905442295428836
-73.94826333,40.79514333,0.992430009841919,0.9931693236572828
-73.971365,40.79778667,0.9849500000476837,0.9833257066099191
-73.95539167,40.79191833,0.9897850048542023,0.9862644917788446
-73.95947,40.7742,0.9880400133132935,0.988890435502958
-73.96063833,40.772585,0.9839649897813797,0.9845648713690502
-73.903525,40.80943333,0.9937250137329101,0.9908177809767983
-73.971035,40.76733,0.9840100091695786,0.9865
-73.90302833,40.80945167,0.9909900194406509,0.9914999999999999
-73.957995,40.78214667,0.9851149928569793,0.9851234691761214
-73.949355,40.79019833,0.9910550099611283,0.9909767106461477
-73.95730833,40.81173833,0.9853600043058396,0.9852654804819656
-73.95949333,40.77413167,0.9893750131130219,0.988890010650754
-73.97253333,40.79134,0.9832350116968155,0.986874348493061
-73.970795,40.76757167,0.9829250049591064,0.9856761944224385
-73.964165,40.80805833,0.9888050121068954,0.9871780343628764
-73.952775,40.774125,0.9899650037288665,0.9875719057138014
-73.96780333,40.800805,0.989844987988472,0.9909350040419638
-73.94580833,40.77790333,0.9879750192165375,0.9885439479254405
-73.960155,40.77318667,0.9861199933290482,0.9858512205429918
-73.95950833,40.77407667,0.9890800112485886,0.9889535462628564
-73.90968333,40.842745,0.9919149857759476,0.9861125038836143
-73.89594667,40.80889833,0.9924850076436996,0.9925438054857635
-73.93151,40.79741333,0.9902649998664856,0.9928901504456593
-73.96144,40.797755,0.9916249811649323,0.9898813486320746
-73.95109333,40.79770167,0.9852299976348877,0.9854303540315655
-73.95569667,40.79168167,0.9866899913549423,0.9853449811861065
-73.96358167,40.80831,0.990175017118454,0.9910941533557759
-73.91739333,40.84411,0.9929700154066086,0.9874569679388309
-73.96988833,40.79453667,0.9835850018262863,0.9856910839167137
-73.879635,40.80643333,0.995950009226799,0.9969582332468645
-73.96904,40.79355167,0.9831000047922135,0.9846475906536872
-73.983515,40.775965,0.9845399922132492,0.985617505505154
-73.91753833,40.84416833,0.9933650201559067,0.9887708113016946
-73.95755667,40.76125333,0.9875899803638458,0.9870481090870171
-73.98553167,40.78030667,0.9853600132465362,0.9877633294055975
-73.94354333,40.78470667,0.9899200040102005,0.9867763965665087
-73.92570833,40.84131333,0.9912050086259842,0.987704644609756
-73.97783167,40.78652,0.9859349918365479,0.9853439503226389
-73.95793167,40.80602167,0.989750012755394,0.9880677806510704
-73.972215,40.765515,0.9902499836683273,0.9922691612869811
-73.97948333,40.79043667,0.9893850111961364,0.9881988735992338
-73.90565167,40.84361667,0.9894899916648865,0.9855
-73.89642,40.81940667,0.9875449818372727,0.9896928770966105
-73.972105,40.76878333,0.9832600098848343,0.9864401190283301
-73.92396833,40.84403833,0.9902600139379502,0.984403131589144
-73.97109,40.76729167,0.9821349990367889,0.985494517617308
-73.90371167,40.80930667,0.9928750145435333,0.9914137889908335
-73.95429833,40.81096833,0.9957900172472001,0.9917558197419399
-73.90236333,40.83376333,0.9942150074243545,0.9858745750041633
-73.89312667,40.84268,0.9859350007772446,0.9866104588187188
-73.95801667,40.81085833,0.9854849982261658,0.984699356731755
-73.94812,40.806325,0.9943499875068664,0.9862924528050184
-73.90793333,40.80256,0.9920349949598313,0.9882449843413166
-73.94937833,40.77346333,0.9830150228738784,0.982128477727132
-73.98492333,40.78015333,0.9852750176191329,0.987133374020603
-73.970135,40.794275,0.9830850154161453,0.9820014277297451
-73.89464833,40.809025,0.9923400115966797,0.9916051207810318
-73.899735,40.81426333,0.9881199878454209,0.9815976056695019
-73.90311167,40.809555,0.9901950204372406,0.9865669748733555
-73.96292,40.809115,0.9898650205135345,0.990135537100634
-73.95783,40.78233333,0.9854999899864196,0.9861829991359388
-73.88759333,40.806415,0.9945299935340881,0.9934291380567064
-73.96336167,40.80860333,0.9886750221252442,0.9878227496523362
-73.95013333,40.81740667,0.984244989156723,0.9835013332974478
-73.954585,40.79564833,0.9862200063467026,0.9913263000942398
-73.903075,40.817455,0.9959550034999848,0.9839599497375737
-73.95623667,40.79130833,0.9812850046157837,0.9804999999999999
-73.91732667,40.84535833,0.9963650041818619,0.9983457764419796
-73.90507833,40.84362,0.9884849888086319,0.9852881322454522
-73.951195,40.77346667,0.9920349907875061,0.9896215950865532
-73.90236167,40.81729167,0.9898150110244751,0.9908981097027212
-73.96040833,40.80168167,0.9964650028944015,0.9907943343974972
-73.944875,40.78727667,0.986569995880127,0.9868461093113623
-73.98692,40.77126667,0.9909750139713287,0.9900151927178846
-73.94251333,40.78649167,0.9868899881839752,0.9855
-73.95009667,40.79031333,0.9987549978494644,0.9981237697658019
-73.884795,40.804875,0.9927650028467179,0.9917656511961734
-73.95473333,40.82247167,1.00544499874115,0.998624716121714
-73.947025,40.78921333,0.9929200047254563,0.9924297434229828
-73.94809667,40.78557667,0.9888449996709824,0.9987242466766189
-73.95631167,40.80473,0.9973799949884414,0.9964777741649027
-73.906315,40.81544167,1.0012399977445603,0.9997295604756603
-73.906095,40.84464833,0.9987850081920624,0.9961753376330547
-73.98854333,40.76914833,0.9982550084590912,0.9959942268276102
-73.95643167,40.82298167,0.9945350056886673,0.9925
-73.96454833,40.799075,0.998330003619194,0.9952791611942103
-73.95014667,40.77375167,0.9933250039815903,0.9944087463894226
-73.90134833,40.83540667,1.004760010242462,1.004019198261054
-73.89738667,40.80789833,0.9973000133037567,0.9947234950299677
-73.91745,40.845115,0.9979750007390976,0.999165202941428
-73.904615,40.80801667,0.9943900126218795,0.9922900492137222
-73.91316,40.827285,1.0009299981594086,0.9952375662865995
-73.914005,40.83562167,0.9988050001859665,0.9954348079249529
-73.91233667,40.82942333,0.9990700006484985,0.9938248888372394
-73.96472333,40.79915667,0.9992250049114227,0.9925
-73.91226833,40.82940167,1.0011900013685227,0.9940203494432222
-73.91735333,40.83290167,1.0039400273561478,1.0004699648821982
-73.953495,40.81755667,1.0010850018262862,0.9981363144226849
-73.90972167,40.82632333,0.9991500008106232,0.9934243871730537
-73.95696333,40.77681833,0.9976400005817413,0.9985000000000002
-73.91689667,40.80412167,0.9958050018548965,0.9929867892520374
-73.894685,40.84391667,0.998370001912117,0.9962342801247044
-73.91581333,40.83496167,0.9918450117111206,0.9902428022877284
-73.89158833,40.82145833,1.0040800136327743,1.0010256979514705
-73.91717,40.83334167,1.0040800112485886,0.9964902306033068
-73.93579667,40.79961667,0.9994300132989884,0.9969318479094301
-73.909525,40.82669667,1.0026550108194352,1.0025451743411158
-73.925235,40.826975,1.0055249840021134,0.999239611471296
-73.90352,40.81751,0.9995450055599213,0.9802758594993308
-73.91058667,40.83936333,0.997200003862381,0.9950000000000001
-73.92255,40.82338833,1.002230007648468,1.0033575801052808
-73.95286,40.818075,0.99662000477314,0.9937882427951115
-73.9122,40.84474833,1.0047999978065492,1.001373635228918
-73.903805,40.81188,0.9981799989938736,0.9973609416486118
-73.92686333,40.83529333,1.00163500726223,1.0023886504718118
-73.90882667,40.843765,1.0017250162363052,0.9976831797674818
-73.99138833,40.77586333,0.99512002825737,0.9985947674234679
-73.962415,40.80243333,0.9926950109004974,0.9899079222469815
-73.893215,40.84425667,0.9984450024366379,0.9941074869954877
-73.89811667,40.81923333,0.9982399994134903,0.9955615805325649
-73.89667833,40.84407833,0.9979799979925156,0.9958230675499262
-73.92572833,40.84127,0.9947300046682358,0.9899159518602412
-73.89257667,40.84387167,0.9956300044059754,0.9925
-73.95827667,40.774705,0.9955350005626679,0.9984498057461341
-73.93841,40.80229333,1.0083649969100952,0.9976079683379787
-73.96528333,40.79930667,0.9909100019931794,0.9911816064804523
-73.94929167,40.79698333,0.9895250010490417,0.9949920490181
-73.88392667,40.81553333,1.0015300172567367,1.0003002062733761
-73.89794333,40.83639,1.0024299985170364,0.9983862522621985
-73.896715,40.80842,0.9966349983215332,0.9975575917269746
-73.98891833,40.76938833,1.0004350018501282,0.9999248518463622
-73.90439333,40.808115,0.9925700068473816,0.9943082603736924
-73.91538833,40.83536667,1.0004300355911255,1.0019183359059323
-73.97155833,40.766505,0.9891099977493286,0.9962285697165576
-73.95496167,40.77345667,0.9932450067996978,0.9925718735376489
-73.94806667,40.79310667,0.9975299960374833,0.9986641619260134
-73.97364167,40.79474167,0.9935050123929977,0.9969252220566215
-73.95694833,40.80499,0.9989799922704696,0.9986358640995501
-73.90419833,40.81585833,0.9934500116109848,0.9926572255881494
-73.92742833,40.83408,0.9970699936151505,0.9983428732257812
-73.91715167,40.844005,0.9934200078248978,0.9921686411804064
-73.957195,40.82223833,1.000554986000061,1.0024599794109248
-73.90078,40.8415,1.0027350038290024,0.9986389427761392
-73.95710667,40.80716333,0.993030002117157,0.991718882990417
-73.95403167,40.77551333,0.997704992890358,0.995030417075528
-73.91676667,40.80406833,0.9988849991559983,0.9956011012108135
-73.89541,40.81758333,1.0105950009822846,0.9926208110288014
-73.894235,40.80907833,0.9954900032281876,0.9970119256778023
-73.90390667,40.80835167,0.9927850067615509,0.9965676383074662
-73.89524667,40.81734,1.0163849985599518,0.9932382625651387
-73.95109833,40.78876833,0.9943400061130524,0.9960648300113286
-73.891595,40.82153167,1.005125013589859,1.0018380524248462
-73.95975,40.801385,0.9939100033044815,0.9935002370379203
-73.94890167,40.80167,1.0040149968862533,1.0022907351390586
-73.96678333,40.80389833,0.9993799912929535,1.001467090870995
-73.93246333,40.79813333,0.9984500110149384,0.9966352275863853
-73.964275,40.76059167,0.9918500119447708,0.9917236032217727
-73.97178833,40.76615667,0.9879249960184098,0.9915489409525776
-73.95899333,40.809555,0.99410001039505,0.9930946161070088
-73.91556667,40.83522167,1.0003400087356566,0.9879702552167531
-73.961635,40.79784833,0.9930049794912338,0.9904147563149746
-73.94739333,40.78528667,0.9952800053358078,0.9959831722006056
-73.95279,40.77490333,0.9958099991083145,0.9956766448537575
-73.919065,40.84354333,0.9971250075101853,0.9890000000000001
-73.92630833,40.834865,0.9993499970436096,0.9935151561029057
-73.95199333,40.81882333,0.996764999628067,0.9943321763581855
-73.93536833,40.80039333,0.9943400001525879,0.99272109605489
-73.89158333,40.821185,1.0056599992513657,0.9995178847366534
-73.96228333,40.79816,0.997515007853508,0.9964402672800228
-73.947745,40.79293,0.9964650046825408,0.9977498571622544
-73.89792833,40.81943,0.9951299905776978,0.99198386083507
-73.87980333,40.80564167,0.9958499985933303,0.9966235252867752
-73.95477667,40.78076833,1.0003050339221955,1.0005281649205116
-73.956035,40.77378667,0.9929500091075897,0.9937111453798163
-73.93538667,40.80095333,0.9950650036334991,0.9957925995016425
-73.92721,40.834035,0.9948899853229523,0.9984999999999999
-73.95703667,40.7632,1.001520001888275,1.0029103444602927
-73.95860333,40.76001667,0.9950600105524063,0.9965702582344033
-73.962185,40.80231667,0.9949800080060959,0.9914142462339786
-73.95936,40.77446667,0.9948450028896332,0.9979524432617479
-73.91331167,40.82978,1.0037549966573716,0.9961435121355219
-73.895245,40.84396167,1.0005999881029128,1.0002724854658767
-73.90502167,40.84424,0.9960849940776825,0.9950031993595546
-73.96481667,40.799195,0.996225004196167,0.9925
-73.92139333,40.83182,0.9966000109910965,0.9955390675793989
-73.91755,40.84626833,1.0060749924182892,0.9991885193806936
-73.88854167,40.806315,1.0021249902248384,1.0046580683794335
-73.95483667,40.794275,0.9922850108146668,0.9962371294207963
-73.98883667,40.769325,0.9985100018978119,0.9999539044963631
-73.94841667,40.78615167,0.9972050279378891,1.0024393720449085
-73.91302167,40.83857333,1.0090749949216842,1.008234967270849
-73.95843667,40.76429833,0.9993000113964081,1.0012686915429867
-73.89597667,40.84400167,1.0007999914884567,1.0007901003001811
-73.90328,40.8087,0.994350004196167,0.9927080505586998
-73.90519333,40.80768,0.9956749987602234,0.9965584708715095
-73.93185,40.79783833,0.993824999332428,0.9960257874897616
-73.88334667,40.81329,0.9997900235652923,1.00082425725934
-73.98191333,40.78349667,0.9946699970960617,0.9981586416161747
-73.95489333,40.773545,0.9929700058698654,0.9931782427890115
-73.96964,40.76536333,0.9936650031805039,1.0002620657448418
-73.959795,40.80140333,0.9941750049591065,0.9934437630307137
-73.91729,40.84560167,0.9974800074100494,0.9945356009207884
-73.92724333,40.83541667,0.9964450013637542,0.9936466716295055
-73.89827833,40.81907833,0.9978849947452545,0.9994265418514525
-73.91718167,40.83325167,0.9991500049829483,0.9984599639985798
-73.91836667,40.844505,0.9934100115299225,0.9894947914270158
-73.88595,40.80504,0.9999399924278259,1.0014355241315258
-73.91238,40.83506167,0.9976000088453293,0.9951639516040245
-73.91654667,40.84372,0.9950250142812729,0.9938098798437647
-73.953765,40.79819333,1.0002299922704696,0.9997694919294509
-73.96897,40.76510667,0.9912700116634369,0.9931907320464705
-73.98839833,40.76930833,0.9966699981689453,0.9951135254165717
-73.9536,40.80364333,1.0078599894046782,1.008734544582601
-73.89359333,40.84446,0.9968950027227401,0.9942178686884798
-73.92751833,40.83859333,0.9991050118207931,1.0003490345345536
-73.88758833,40.82077167,1.0019000321626663,0.9985190741423153
-73.95790833,40.774565,0.9935600024461746,0.9936187131315808
-73.94574333,40.78616,0.9957950103282929,0.9968635599752325
-73.90973,40.840805,0.9932100009918213,0.9941908335988556
-73.89895667,40.83655833,0.9943549996614456,0.9942886132807534
-73.948925,40.79436,0.990970008969307,0.9961598853572706
-73.89852833,40.81886667,0.9971649986505509,0.9928836157423712
-73.89892167,40.81846333,0.999425003528595,1.0014999696880023
-73.894965,40.80901833,0.9924750113487244,0.9918567305413563
-73.95905167,40.81632333,0.9957200020551682,0.9950988003324712
-73.988065,40.76966,0.9966300123929978,0.997171281708704
-73.95814667,40.77465667,0.9944199997186661,0.9952124566638076
-73.95968167,40.80942667,0.9827700001001358,0.991558070734912
-73.95230333,40.774715,0.9922500038146973,0.9949402591360934
-73.87966833,40.80660333,0.9959800088405609,0.9947921344072423
-73.96921333,40.76518667,0.9935399979352951,0.9971396482267849
-73.98791333,40.76985833,0.9935600113868713,0.9926602386788573
-73.887645,40.82072333,1.003950020670891,1.0018446469714775
-73.92759667,40.82512667,0.997540009021759,0.9928850760214594
-73.95475667,40.79444,0.9915200209617615,1.0009491701352744
-73.90928667,40.8438,0.9954450112581253,0.9933017902639858
-73.90280667,40.80849833,0.9959150129556655,0.9898549004455892
-73.896405,40.83876333,0.9988950204849243,0.9996591750788264
-73.943345,40.79105833,1.0004249966144563,0.9940120664534804
-73.89379667,40.809135,1.0012849920988083,1.0033410840612331
-73.92758167,40.83860333,0.9990050017833709,1.0012669004905925
-73.929355,40.82962667,1.0037900072336197,1.0045000000000002
-73.94887667,40.79442333,0.991455008983612,0.9960246519579969
-73.95904833,40.78071333,0.9893250066041946,0.9920109474357522
-73.95209833,40.77465167,0.9939800047874451,0.994690831268907
-73.98273833,40.78222,0.9910949897766114,0.9911048706391478
-73.98848167,40.769195,0.9964050042629242,0.9959383360293881
-73.95282333,40.81810833,0.9997050034999847,0.9951710629923269
-73.92761833,40.82505333,0.9953700143098831,0.9925406104667145
-73.90984333,40.826115,1.0125249969959258,0.9929201614652093
-73.98481667,40.77417667,0.9956000071763992,0.9964999999999999
-73.88612167,40.805795,0.9979000151157379,0.9977841219708452
-73.89464333,40.81779333,1.0089100259542465,1.001
-73.954065,40.79587667,0.9874449986219406,0.9938549316517648
-73.94844833,40.79487333,0.9939299982786178,0.9970440329930479
-73.95912167,40.80943333,0.991950010061264,0.9935554025242999
-73.96473333,40.80831333,0.9911250030994415,0.9939464109476427
-73.93796167,40.80208333,1.0015250021219253,0.9967494855151193
-73.94821333,40.795215,0.9926200079917907,0.9939555185702813
-73.95698167,40.81402333,1.0055150020122527,1.0156261987513127
-73.98765833,40.770145,0.9909850138425828,0.9915
-73.95334333,40.77503167,0.9964000028371811,0.9949999999999999
-73.89783167,40.83627167,1.0004750049114228,1.00216215913886
-73.95161833,40.76979667,0.9938749992847442,0.9880892769692705
-73.88209833,40.8127,0.996285006403923,0.9960963141864136
-73.911355,40.83470833,0.9986550068855286,0.9967719924143992
-73.90652333,40.84469167,0.9989950156211853,0.9976617620024149
-73.96174333,40.81029833,0.995190007686615,0.9922692976135263
-73.954845,40.79424833,0.9909600132703781,0.9925868282569679
-73.93846833,40.85229167,1.0026700150966645,0.9994495743665646
-73.93244833,40.79610667,0.9887550020217896,0.9876035880450283
-73.91649,40.834185,1.009890011548996,1.0016375429922166
-73.95451,40.80401333,0.9949050080776215,0.9923794063174899
-73.96290333,40.80265333,1.0003199952840804,0.9989309662021242
-73.95828167,40.76455833,0.9899950110912323,0.9963740947360661
-73.895195,40.840695,0.9970900076627731,0.9983595308522878
-73.94478333,40.80008,0.9999049937725067,0.99796567158788
-73.90266,40.83337667,0.9980600047111511,0.9921706837372168
-73.89440833,40.84419667,0.9969600021839142,0.9955623410942034
-73.90281667,40.808575,0.9938050127029419,0.9898253547814629
-73.95429333,40.76869333,0.9964399987459183,0.9977301018810921
-73.88908167,40.81861,1.015050002336502,1.0080268417005722
-73.90456667,40.81534,1.002859995365143,0.9971290503246966
-73.95658667,40.762765,0.9910750043392181,0.9938429553551169
-73.898605,40.81880333,0.9946149998903274,0.9935052934812834
-73.88737833,40.81410333,1.0021049928665162,0.9981862964215338
-73.98473833,40.774265,0.9993000036478042,0.999193287391806
-73.927855,40.82134,1.0079650217294693,1.00262997983875
-73.9097,40.84086667,0.9921199989318847,0.9948790685574516
-73.984385,40.774745,0.9891400003433227,0.9930799251582514
-73.957215,40.814255,1.0036050242185592,1.0014668297010416
-73.964235,40.79894167,1.0008299994468688,0.9983736847916875
-73.91369,40.82690167,1.0068849903345107,1.0048014448689686
-73.953395,40.82254333,1.0078849792480469,1.0066419836877056
-73.95733167,40.77728833,0.9999150121212006,1.000604000280902
-73.91549333,40.80421833,1.0064699846506118,1.0063553220263295
-73.880915,40.81152667,1.0017750179767608,1.001
-73.91990833,40.83434333,1.0003099948167802,1.0001703836534077
-73.92032667,40.833665,1.0063899916410446,1.0071817452825518
-73.91376333,40.82685167,1.0055549889802933,1.0049798938321628
-73.97042333,40.76511333,0.9935950142145157,1.00364353538434
-73.94539667,40.79196833,1.0066850131750107,1.0049801685184254
-73.94658833,40.811645,1.0092900043725967,1.0073884084407294
-73.89910667,40.81815,1.0007650029659272,1.0039093673038064
-73.94311667,40.80235333,1.0071749877929688,1.00623146435596
-73.96771833,40.801715,0.9964850068092346,1.0013251749116154
-73.91312333,40.83861167,1.0088149970769882,1.002341037300368
-73.888585,40.823425,0.9992950010299683,0.9976213942571333
-73.92573667,40.82608167,1.0034450298547746,1.0025428591316572
-73.95396167,40.79502333,0.9868449968099594,1.0074771323506988
-73.925275,40.82094333,1.0071300137043,1.0048117625703126
-73.88828333,40.814165,1.0070000129938126,1.0090306654292724
-73.90457167,40.81237833,1.0068149995803832,1.005558308667045
-73.95648833,40.808055,1.0038699913024902,1.0072922861163536
-73.95703833,40.77775833,1.0029599875211717,1.003887217024086
-73.91415667,40.81642667,1.0120050096511841,1.0055239431011236
-73.88502167,40.81249667,1.0080650055408478,1.0099219298229476
-73.91440167,40.83907,1.0094500023126602,1.0091422051028518
-73.91688333,40.81158333,1.011094999909401,1.0114999999999998
-73.95503667,40.768995,1.0003500062227249,1.0041076072161348
-73.89778667,40.80872333,0.9972400224208832,1.0023087817393952
-73.88768667,40.816435,1.008695012331009,1.0097233112446387
-73.91684167,40.81832667,1.0167150127887725,1.0225
-73.928015,40.82156,1.0048700070381165,1.0046640384643517
-73.90333667,40.83239167,1.0119399881362916,1.0075485731279883
-73.956075,40.77899667,1.0034799844026565,1.0046115727199825
-73.92338333,40.82285333,1.0071549838781357,1.0070776105936825
-73.88873167,40.82591333,1.0078999918699265,1.0085
-73.95734167,40.822095,0.9996549898386001,1.0022005167736778
-73.94967,40.80212,1.0087549895048142,1.007963016111209
-73.95110833,40.77415333,1.0028299808502197,1.0052103074558545
-73.916905,40.81819833,1.0138799858093261,1.0125062832104648
-73.92789,40.82876667,1.0087950128316878,1.0088201641058578
-73.90241833,40.83191,1.013054991364479,1.0084222676637755
-73.94677167,40.80067333,1.002989991903305,1.0080527408408924
-73.91132167,40.83815,1.0076549911499024,1.0085523553870719
-73.88640667,40.81517667,1.0095299983024597,1.0072240196801623
-73.88276167,40.80516833,0.9996350026130676,0.9975950874416901
-73.970955,40.76449167,1.0016249740123748,1.0062042801849678
-73.93840833,40.85323,1.0088700044155121,1.0075053735771673
-73.95042167,40.828105,1.0096499848365783,1.006626476649883
-73.92029667,40.82235,1.0085500264167786,1.0038387645791778
-73.95137667,40.82775167,1.00996002972126,1.0042026362930225
-73.89914,40.81825833,1.0031200230121613,1.0042538459305146
-73.94485333,40.79999167,1.0008249986171722,0.9985972324353017
-73.95094,40.77068333,1.0026149773597717,1.0065849696509919
-73.928,40.828835,1.0111250102519989,1.0088872013461292
-73.93497,40.85694833,1.0063899916410446,1.0077015502097995
-73.900165,40.84130833,1.0090399777889252,1.0119253425783115
-73.93549,40.799435,1.0002250224351883,0.9996332076049377
-73.94836,40.80914,1.0130150073766708,1.0101272363005276
-73.95611333,40.77655,0.9992600351572036,1.0005908761523457
-73.958805,40.81604167,0.9988050037622451,1.0009905479617656
-73.95662833,40.76301,1.0076350128650666,1.0088005624298204
-73.89142667,40.80950667,1.002449996471405,1.0028715021329877
-73.91336167,40.81802,1.0114799815416335,1.008939952497564
-73.915845,40.84339167,1.008965004682541,1.0098530267271861
-73.94817,40.80934833,1.0110449868440627,1.00946606319039
-73.90655833,40.80691833,1.004989997148514,1.005431628430014
-73.90327333,40.83221833,1.011404989361763,1.0065202913776976
-73.92103167,40.84225833,1.0061399883031845,1.0087393767521522
-73.91189833,40.82040167,1.0102000188827516,1.010652131243581
-73.90588333,40.80402167,1.001895003914833,1.0051059428220366
-73.90573167,40.826655,1.0081049937009812,1.0087050913568207
-73.96764,40.802315,0.9974100118875504,1.0017306432874604
-73.91044667,40.82497833,1.008304991722107,1.004978732391518
-73.89537667,40.810705,0.9990050166845321,1.0036437993236949
-73.91118,40.82158833,1.0056799852848053,1.0023029537067882
-73.90675333,40.83162167,1.0057700169086456,1.0044846946350812
-73.9144,40.81598167,1.0125300216674804,1.0019929185852576
-73.95602333,40.77648833,0.9999550330638886,1.0004506880509587
-73.95771833,40.82165333,1.003684995174408,1.0034999999999998
-73.95971333,40.81915833,1.00976999938488,1.012277745801036
-73.93966333,40.80439,1.009439988732338,1.008960646395698
-73.91657,40.83409167,1.0019000053405762,0.9980131962154765
-73.88372333,40.814715,1.0052599960565567,1.003526637711695
-73.92625333,40.82550667,1.003875014781952,1.0043407265022848
-73.958745,40.77490333,1.0031100064516068,1.0039211803004795
-73.896195,40.812295,1.0051499885320663,1.0077773439917974
-73.90958667,40.81901,1.0068149763345717,1.0055
-73.95390833,40.81774,1.0053549695014954,1.0054593737200879
-73.94762833,40.80501833,1.0060899895429611,1.0062594434404162
-73.92711167,40.83684667,1.0065449976921081,1.0102613309644788
-73.950715,40.770995,1.0031549799442292,1.006687456281009
-73.95317667,40.81086667,1.005564991235733,1.0020659582372329
-73.95087,40.828295,1.0075700014829636,1.007288253368
-73.95641667,40.80816,1.006384997367859,1.0052617776750068
-73.90501167,40.81243,1.0108099871873855,1.0100084832232725
-73.91447333,40.83909667,1.010020005106926,1.00960756477964
-73.95641333,40.76700667,1.0017199766635896,1.0043852995687395
-73.94682833,40.79254,1.0009999990463256,1.0048426537307278
-73.90144833,40.83526833,1.002524995803833,1.0019924739081612
-73.93510667,40.856515,1.0067649847269058,1.0060275681183966
-73.95026,40.82633333,1.0134799981117248,1.0111521180448562
-73.96389833,40.803115,0.9979750150442124,1.0032379487391585
-73.92680833,40.820025,1.011255013346672,1.0098205726539589
-73.949935,40.82212667,1.0083000004291534,1.0046255901629821
-73.94524667,40.791905,1.0039150142669677,1.0040426229130726
-73.95747833,40.81447167,1.0049400043487549,1.0016192710754601
-73.938315,40.85225667,1.0058100289106369,1.0073809246137244
-73.886315,40.81508167,1.0060599970817565,1.008274248214238
-73.90274667,40.80809,1.0004250007867812,0.9978820036187427
-73.94783333,40.80122333,0.9990000087022781,0.9979346505840596
-73.91785333,40.82135,1.0122600138187408,1.0090353894002657
-73.90180167,40.82991833,1.0063849955797195,1.0031964690021908
-73.92715333,40.83694667,1.0093049907684326,1.0093931491185195
-73.90709,40.813395,1.0073249971866607,1.006508566060274
-73.90569167,40.81255667,1.007590007185936,1.005928185746397
-73.94996833,40.77214333,1.002834986448288,1.003873111338848
-73.95628833,40.81817667,1.0101299786567688,1.007251302837483
-73.94262,40.80300167,1.0078299969434739,1.0054038760850534
-73.885985,40.80516167,0.9997349852323532,1.0014400167669073
-73.95663667,40.80783667,1.000974988937378,1.0013249890107694
-73.89108,40.80955,1.0055349886417388,1.0075617409700697
-73.90856667,40.819325,1.0023999905586243,1.0051959507372794
-73.95634833,40.80825667,1.006120007634163,1.0055549440141935
-73.905805,40.80397833,0.9981300067901612,1.0032044636547965
-73.99316333,40.77099333,1.0029350292682648,1.0023265101194512
-73.91834667,40.83135333,1.0078299993276596,1.0084999999999997
-73.88836667,40.81414167,1.0071850103139877,1.009337298168346
-73.94795,40.8254,1.0118350166082382,1.0108103383884939
-73.94740833,40.80539333,1.005895007252693,1.007246707201568
-73.89838333,40.81538333,1.0064149969816207,1.0059350046861728
-73.88806167,40.81696333,1.011685004234314,1.0108361059739956
-73.92751,40.83609333,1.0079899924993514,1.0112561957702968
-73.92344167,40.82275167,1.0073599886894227,1.007086357829505
-73.92994333,40.82993833,1.0046300208568573,1.0045
-73.892005,40.82039667,1.0121349942684175,1.007827512225966
-73.958745,40.81598,1.0046850019693374,1.0073718872487052
-73.89825,40.817515,1.0000700038671493,1.0036682412644136
-73.8973,40.83765167,1.002764983177185,1.0039971490797632
-73.907355,40.83061667,1.0101649969816209,1.006128753497777
-73.99219333,40.77056833,0.999980001449585,0.9980909693993132
-73.890005,40.809575,1.0066349869966507,1.0076912324531744
-73.88873667,40.825195,1.0026650053262711,1.0006634097789397
-73.96696,40.80363167,1.0004699897766114,1.0038630265373585
-73.94979667,40.77238,1.0027599817514419,1.00485666930891
-73.967625,40.80240833,0.9995299953222275,1.0033404425745558
-73.91402,40.8267,1.002749991416931,1.003813776104371
-73.92663333,40.83859667,1.0043999928236007,1.0047291517900951
-73.889,40.80629333,1.0124399918317795,1.0148382834018783
-73.90162333,40.840655,1.0088500010967254,1.0046600950455604
-73.88382333,40.81513667,1.0045249956846236,1.0044277653644285
-73.95991167,40.81886667,1.0019800007343291,0.9996766580911627
-73.90819833,40.82002667,1.0045999974012374,1.0044060332299036
-73.92796333,40.82146167,1.0029600459337233,1.0026837039510013
-73.94582167,40.813665,1.0086750149726869,1.0086216997082216
-73.91688167,40.81824167,1.0134449940919876,1.00870448423737
-73.91344833,40.81805667,1.0094949835538864,1.0085450890503334
-73.91319,40.83864333,1.0078149861097336,1.005726444448943
-73.90831333,40.81979333,1.0051300060749053,1.0017308700828116
-73.94402167,40.80110833,1.0078749859333038,1.0085522200282344
-73.91057667,40.82469667,1.0128350067138672,1.0102129960338195
-73.96708833,40.80343833,0.9999849867820739,1.0050098886902914
-73.90664667,40.83186833,1.004550011754036,1.0043471754515543
-73.906675,40.80724,1.004840008020401,1.0027652763161392
-73.95321333,40.82268,1.0088049882650376,1.0085167243097026
-73.95505833,40.768935,1.0017850214242936,1.0047064581944185
-73.903065,40.83277167,1.009720006585121,1.0057710793714105
-73.910895,40.82208667,1.0210549962520599,1.0172713082606613
-73.92321333,40.8232,1.0084100168943406,1.009529912599285
-73.913715,40.819245,1.014120002388954,1.011328885059079
-73.92732,40.83648333,1.0064499747753144,1.0070220395896943
-73.91877,40.83076167,1.0113800072669983,1.0113940660505443
-73.89753667,40.81623167,1.0075900095701218,1.0065567471552916
-73.91799833,40.82138167,1.0112050139904023,1.0092123508632596
-73.94412833,40.80097333,1.00750497341156,1.0081218229211628
-73.88917833,40.806535,1.0061499929428102,1.0080616960307494
-73.90180333,40.84036333,1.0087399822473526,1.006753239280121
-73.90721167,40.81302833,1.011759998202324,1.00697284616397
-73.88511833,40.804805,0.995415011048317,0.9944938298782496
-73.91979,40.83454333,1.0015050137043,0.9977746334686566
-73.926155,40.83864667,1.0092499846220016,1.006840015060468
-73.95398833,40.79501,0.9913349950313568,1.0076855966688485
-73.94895833,40.80662333,1.0043550169467925,1.00411287699718
-73.89815667,40.81745333,1.003939991593361,1.0102395569757587
-73.91352333,40.84501833,1.0081050091981887,1.010976637974448
-73.88721,40.82098,1.0042450296878815,1.0031364037519723
-73.95652667,40.817855,1.008704981803894,1.0081456276290681
-73.95433667,40.79483167,0.9941999995708466,1.0069378490757368
-73.957435,40.77713667,0.9997900229692459,1.0024297733119893
-73.90859833,40.81925333,1.003099985718727,1.004185300662583
-73.89488,40.81244,1.0005799967050553,0.999813984661014
-73.96657,40.76173167,1.006040005683899,1.0109028438984118
-73.94724833,40.82695167,1.009724990129471,1.0073727696110262
-73.94679,40.78497667,0.9977400094270706,1.0023640238501763
-73.888435,40.8219,1.0100449907779694,1.0084333768870066
-73.95447667,40.82236,1.0059699952602386,1.0019218200045006
-73.95979833,40.81788667,1.00836998462677,1.0082395387287497
-73.89967667,40.83744,1.0034300005435943,1.0067955092440617
-73.888725,40.82527167,1.0025150167942047,1.0036302786736773
-73.92176167,40.84128667,1.0037400192022323,1.003164833655081
-73.949105,40.80174667,1.0048999834060668,1.0048317249990193
-73.91587667,40.84341333,1.0094650053977967,1.0097694005591988
-73.88858,40.82013167,1.0036350178718567,1.004977975806279
-73.92720833,40.83858167,1.0003400087356566,0.9989185354855825
-73.9235,40.822655,1.0075249898433685,1.008377235909752
-73.9024,40.83583,1.0045500218868255,1.0052081644451678
-73.94767833,40.804945,1.0064849919080734,1.0066183635914796
-73.95045333,40.82152833,1.0116750019788743,1.011540946945497
-73.91705833,40.81788167,1.0114199769496919,1.0056766969588038
-73.91444167,40.81590167,1.0108850264549256,1.0018120265713626
-73.989665,40.76961833,1.0098100072145462,1.0092032753344071
-73.9277,40.83799667,1.0034000033140182,1.011450125933896
-73.88897,40.82614,1.0067849761247636,1.005741862482741
-73.90213833,40.83855167,1.0110699838399888,1.0087027629451044
-73.97289833,40.76470333,0.9955050086975098,1.0151439751274136
-73.93567,40.85557833,1.0172199720144273,1.0205796429224803
-73.92505,40.82728667,1.0094149816036224,1.0052345914062235
-73.9076,40.82537,1.012834997177124,1.0135230299298006
-73.95227333,40.8224,1.0162950241565705,1.0175
-73.92109333,40.84207833,1.008969982266426,1.0088457113662403
-73.90787,40.82969667,1.0170000094175338,1.0170593852296759
-73.925565,40.81185167,1.016390032172203,1.0171662556261394
-73.92020333,40.80381,1.016010006070137,1.0145
-73.91703333,40.81133333,1.0120299953222274,1.014792133403756
-73.91502,40.83927167,1.0130350065231324,1.0114999999999998
-73.91529833,40.81451333,1.018070006966591,1.0176104954186842
-73.95131833,40.80464333,1.0111799830198287,1.0154795134311074
-73.90041833,40.83100833,1.0138149923086166,1.0142818260259925
-73.90781667,40.804365,1.0103350055217744,1.0114999999999998
-73.96556,40.80860167,1.004325001835823,1.0121466040018638
-73.91344333,40.81764833,1.013709971308708,1.0108776705919216
-73.94750333,40.80523167,1.0045249956846236,1.0099409987405754
-73.91556,40.814055,1.015384984612465,1.014395820195784
-73.88591667,40.80491833,0.9990699928998947,1.0000718326836715
-73.91577333,40.82062667,1.012060003876686,1.0145
-73.942,40.80379833,1.0156850004196167,1.0165
-73.92731333,40.81059333,1.0125899749994278,1.0110819673301161
-73.929665,40.85748,1.0133250117301942,1.0129870381389465
-73.95325333,40.81254,1.0113949888944627,1.0158595319827461
-73.93138833,40.832545,1.0121800196170807,1.0175
-73.90421,40.827805,1.0128199881315232,1.0167087705610807
-73.950725,40.82658,1.0168999832868577,1.0187696955080168
-73.90694833,40.81372333,1.0102849894762038,1.012756445610548
-73.97295833,40.76460167,0.9963400083780288,1.0151133452210952
-73.91921833,40.82172333,1.0177449679374695,1.0204999999999997
-73.92314833,40.813085,1.0066499769687653,1.0074236670900398
-73.88961,40.81392,1.0178000020980835,1.0176475341532174
-73.99017,40.76980833,1.013899993300438,1.013717945715642
-73.90232333,40.831875,1.012679991722107,1.014460444845886
-73.92969667,40.81767667,1.0139499670267105,1.0154999999999998
-73.94546167,40.81320333,1.0154299837350846,1.0154999999999998
-73.885275,40.81345333,1.0132950127124787,1.0170802034999165
-73.95940167,40.81961667,1.008710013628006,1.0145
-73.95471,40.81814,1.0091449677944184,1.0105
-73.911395,40.81944333,1.013900009393692,1.014952899743141
-73.92000667,40.83071167,1.0105850005149841,1.0123301165289016
-73.99035333,40.76987667,1.0156899642944337,1.0165124901004958
-73.94227,40.80345167,1.013884994983673,1.0161088695803988
-73.92993167,40.81725667,1.0136800062656404,1.0132952988843305
-73.927115,40.83688833,1.0089949935674667,1.0105819399754297
-73.95013833,40.82800833,1.01560999751091,1.0098977920608765
-73.90118833,40.83146667,1.0109549671411515,1.0102712706402466
-73.96804833,40.76247333,1.0135999721288682,1.017080960512472
-73.92565667,40.82784333,1.0105199646949767,1.0109281772299887
-73.95005,40.82799667,1.017394989132881,1.0109228825532768
-73.91987667,40.84351333,1.003524980545044,1.0089518406865992
-73.91644667,40.812365,1.0117000079154967,1.0113299406658771
-73.88888833,40.81402833,1.012280012369156,1.0172170627399915
-73.91512167,40.81474,1.018014998435974,1.0197745328693353
-73.92747833,40.83737667,1.0050750017166137,1.0108174249722837
-73.94713667,40.814145,1.0200199747085572,1.0205
-73.95832667,40.82126833,1.0145999890565873,1.0175728592488513
-73.92855167,40.83437667,1.0079999989271164,1.0134788793899516
-73.96563667,40.80862333,1.007535011768341,1.0160021972086304
-73.92282667,40.81327333,1.0123050105571747,1.0130468022672683
-73.88834167,40.81744,1.0078600066900254,1.0089700468151643
-73.89170167,40.82336833,1.0188950192928314,1.0225
-73.932395,40.85924333,1.0209049773216248,1.0230251205598955
-73.919775,40.814825,1.0218499970436097,1.0178211549056257
-73.88878,40.81404333,1.010280012488365,1.0097325403177295
-73.97295167,40.764625,0.9954500073194503,1.0151410750833283
-73.90818667,40.80459167,1.0148900240659713,1.0166391720349715
-73.92286667,40.813245,1.0130300152301788,1.0141850146954097
-73.91622,40.81278833,1.0119000148773194,1.0130804540758866
-73.92041333,40.80390167,1.0131900078058242,1.0144018749284534
-73.90983333,40.81099833,1.0161099970340728,1.0164928703845146
-73.925075,40.82724,1.0090499776601791,1.0053296388145974
-73.91389667,40.83019833,1.009695001244545,1.0108749904872107
-73.94804833,40.80953333,1.015559996366501,1.0165
-73.891675,40.82303667,1.0139950096607209,1.0140290047325144
-73.93136167,40.83259333,1.0174600219726562,1.0175
-73.92967333,40.83463667,1.0122250020503998,1.01415764580168
-73.908085,40.82489667,1.0115800029039383,1.0105150960155471
-73.95611833,40.81839333,1.013905001282692,1.0116832696032714
-73.968215,40.76263,1.0100999850034713,1.011900348739217
-73.93088833,40.829785,1.018200027346611,1.0175885463214873
-73.96700833,40.7619,1.0089949768781663,1.0132530175667367
-73.91734333,40.81083,1.0159600174427033,1.0164912271641595
-73.88534,40.82111167,1.015174999833107,1.0173518399910337
-73.95061333,40.82645,1.0146849936246871,1.0131612878531735
-73.92607,40.81158833,1.0092550033330918,1.0131602065846697
-73.94233333,40.80337,1.0101599836349486,1.0104229722259546
-73.92587,40.83911833,1.0128050071001053,1.0131139710677641
-73.947835,40.808745,1.0223199927806854,1.0226769272660843
-73.88607833,40.82117667,1.0174999636411668,1.0205000000000002
-73.95296333,40.81264667,1.0114250111579894,1.0084944188849907
-73.95690833,40.81564,1.0173950040340423,1.017445367461296
-73.94897667,40.825845,1.0157600116729737,1.0146397111477072
-73.94867167,40.81370333,1.0145000129938126,1.018826188308668
-73.92735333,40.82844833,1.012554995417595,1.0109354315372783
-73.92272167,40.81333667,1.0129350113868714,1.0131642896272806
-73.91376333,40.83042667,1.0167599868774415,1.017531321919051
-73.89739333,40.84415667,1.0115949648618698,1.0113551657665298
-73.95433833,40.81791833,1.0110149627923966,1.0105
-73.91852333,40.821515,1.0137549942731858,1.0117996346335594
-73.94363333,40.80163333,1.0091499829292296,1.011288916435349
-73.943845,40.80132833,1.008979977965355,1.0091843478405735
-73.92837667,40.834315,1.0075949984788894,1.0096788332605524
-73.91067833,40.81921667,1.0106349718570709,1.010930557370847
-73.92539667,40.84013167,1.0137600034475327,1.0130357882376178
-73.88531167,40.81359,1.0130150085687637,1.015491452340291
-73.90783333,40.82975667,1.0184600085020066,1.0170144428905754
-73.89806167,40.815735,1.0071000069379807,1.009713448246279
-73.95340167,40.81234667,1.0106799697875977,1.0120223479482369
-73.95271167,40.82249167,1.013444998860359,1.0148479053015205
-73.89131167,40.814285,1.0220599889755249,1.023274869573743
-73.918755,40.82158333,1.0152549701929092,1.0150169989035218
-73.93015333,40.81678333,1.0124000060558318,1.013
-73.89168,40.823105,1.013945010304451,1.0140388337186197
-73.93154167,40.83219333,1.0130699813365935,1.0155806691450218
-73.97202167,40.76427,1.0001699805259705,1.008750597379332
-73.90945333,40.84482833,1.0119250017404555,1.0140201745884405
-73.92837833,40.80729333,1.0194700068235398,1.0173027272658726
-73.92188333,40.80452333,1.0168500185012816,1.01514687507188
-73.93818667,40.80339667,1.0187399989366532,1.0207900664370215
-73.91659167,40.81888,1.0172699910402299,1.0158268079493296
-73.94955167,40.81246833,1.0191649782657624,1.019030929280706
-73.94690333,40.81404833,1.0185399878025054,1.0169222481491687
-73.92833,40.82136167,1.0130049985647203,1.0115967083172344
-73.889095,40.80635667,1.0115249967575073,1.0143256157303402
-73.90821167,40.82911,1.0150299829244613,1.0160518615859604
-73.88949,40.82586,1.0131749993562698,1.009890332772492
-73.93146,40.85877333,1.011654995083809,1.0090590824630172
-73.92198167,40.81028333,1.0161649829149246,1.016254315051885
-73.95286667,40.79804167,1.0072800052165984,1.0143509503561958
-73.92785833,40.80984,1.0177250063419343,1.0184724903379752
-73.95214667,40.80361167,1.0158800172805786,1.0170036188003342
-73.96785833,40.76284333,1.0077899777889252,1.0088151976433182
-73.89142833,40.814625,1.013815006017685,1.0173525518672135
-73.887725,40.81647667,1.0092900109291076,1.011467797397149
-73.89647333,40.83364,1.0011799979209899,0.9980689696067522
-73.94238167,40.80329833,1.0107149714231491,1.0104258537322728
-73.92559,40.83959167,1.0125299900770188,1.0110375741436215
-73.931335,40.83264333,1.0152750158309936,1.0175
-73.91015167,40.82449333,1.018055009841919,1.0170507504367374
-73.92834,40.82129,1.013919978737831,1.0136479340744187
-73.90656667,40.81275833,1.0130349856615066,1.0099790281504704
-73.99008833,40.769775,1.0123549991846084,1.013385984510922
-73.9158,40.82084,1.0149299877882003,1.0149394814334214
-73.94916167,40.82761833,1.0157949697971345,1.0146564240489062
-73.95805167,40.81524667,1.010520014166832,1.0145
-73.92945667,40.81829,1.0157400047779084,1.01416216688791
-73.909725,40.81127667,1.0129400080442428,1.013
-73.95420833,40.77451333,1.009789981842041,1.0163919600258955
-73.90828667,40.80468333,1.014445025920868,1.0173786785263903
-73.94690333,40.82680833,1.0139999759197236,1.0144060964659898
-73.89735667,40.844145,1.011214966773987,1.0113280025973774
-73.92698667,40.82030833,1.0132599860429763,1.0123267919639447
-73.91536,40.839385,1.0165500301122665,1.019128875231403
-73.92112333,40.842035,1.009074986577034,1.0088554093626791
-73.95826667,40.81553333,1.0112750166654587,1.0145
-73.88520667,40.81315833,1.0123849868774415,1.0204126389010726
-73.94563,40.81298167,1.0161349773406982,1.0205
-73.93056167,40.815525,1.0200549894571305,1.0214999999999999
-73.91987833,40.803695,1.0190749913454056,1.0175736462183722
-73.90797167,40.80816,1.014014972448349,1.014333861889885
-73.93263833,40.85690667,1.024694990515709,1.0222319589306985
-73.92028833,40.82208167,1.019405015707016,1.02259772478733
-73.92541,40.80601,1.0244949889183044,1.0249999999999997
-73.92186333,40.810435,1.0194400066137315,1.0194648552200343
-73.91836833,40.809095,1.0207899743318558,1.0235
-73.89153833,40.82474667,1.02167500436306,1.0225811980689246
-73.90880333,40.81019667,1.017665022611618,1.019
-73.916895,40.83842,1.0163200098276137,1.0209926331173897
-73.90743667,40.809715,1.0251849871873855,1.0265
-73.927665,40.81009,1.0142949938774108,1.0165950010335627
-73.930355,40.83448,1.0169549638032913,1.021285210253533
-73.94932167,40.812825,1.0130699813365935,1.0205
-73.91893833,40.80444333,1.019880000948906,1.025
-73.95302833,40.80334667,1.0165250033140183,1.0189200038230517
-73.89173,40.82368333,1.025550027489662,1.0275
-73.88556,40.82123,1.0144999819993972,1.016334558129211
-73.94143833,40.8046,1.0199549847841263,1.025
-73.949585,40.81237667,1.0160800105333327,1.0189290049956097
-73.92964,40.80978667,1.02016999065876,1.025
-73.93136667,40.85893667,1.0191749984025955,1.015305811517674
-73.93151333,40.82996,1.0232849907875061,1.02691217082414
-73.89152167,40.819655,1.0287750160694122,1.027638423600121
-73.88524333,40.81330167,1.0166899740695954,1.0204109231808594
-73.93694167,40.85518833,1.0207249820232391,1.0217552003014694
-73.89838167,40.83255833,1.0169649839401245,1.021201756003047
-73.91829333,40.81559833,1.0265599811077117,1.0241116320840113
-73.91826167,40.80924333,1.0200499761104584,1.0225666642012132
-73.91885167,40.80470333,1.0232899898290635,1.025
-73.92003167,40.82197333,1.0188850182294846,1.0225
-73.95663333,40.815235,1.0220699942111968,1.0246761221457454
-73.93583333,40.85529333,1.018529986143112,1.0215
-73.93839333,40.803095,1.0202799993753433,1.0226332819673454
-73.918875,40.8145,1.028429982662201,1.028343601420163
-73.93057833,40.81526667,1.0204649943113326,1.0215
-73.95308667,40.80337333,1.0138650065660477,1.0153302257561705
-73.955765,40.814035,1.0192650043964386,1.0220344207869974
-73.89176333,40.82389167,1.0239300101995468,1.0302429230103876
-73.91887833,40.80461833,1.0210849928855896,1.025
-73.91359833,40.83068,1.0171950286626816,1.0188562772495469
-73.93059667,40.85740833,1.0264499914646148,1.0267784750915314
-73.93030167,40.83454167,1.0188200026750565,1.0219774438917337
-73.89810667,40.83276167,1.0203049910068511,1.0215
-73.93031667,40.857455,1.0250649881362914,1.0249999999999997
-73.91867167,40.80481167,1.0172499930858612,1.0148785987841398
-73.99117,40.77010667,1.0182149815559387,1.0213940047824441
-73.95107667,40.81252333,1.0108250015974045,1.0226525104664421
-73.89868,40.83233667,1.0192749691009522,1.0186748530532708
-73.94681833,40.80829667,1.026340003013611,1.0262883498994972
-73.91882667,40.81456,1.0257099783420562,1.0267863086936206
-73.91906333,40.81517333,1.0283799928426742,1.0267843482115115
-73.908305,40.82887833,1.0207350200414658,1.0230993773011723
-73.93696833,40.85512833,1.0217399740219115,1.0235
-73.99154333,40.77016833,1.0153099751472474,1.0046942585847465
-73.913395,40.81960833,1.0164149761199952,1.0197351729220117
-73.91942333,40.81500833,1.018630022406578,1.0155361862319983
-73.93105167,40.85722,1.026619987487793,1.028192804982998
-73.936775,40.85552167,1.0189999759197235,1.0232807159873352
-73.94990333,40.81204167,1.0212899708747865,1.0205
-73.93666333,40.85583333,1.0251299691200257,1.0284999999999997
-73.90831667,40.828855,1.0198200166225433,1.023136954621178
-73.89132167,40.81432167,1.0219699835777283,1.0231319675802903
-73.93130333,40.85713333,1.0291899943351746,1.0237017423034422
-73.89203333,40.81675667,1.0164550262689591,1.0191260820358736
-73.92792667,40.80973833,1.0191000056266786,1.019633524626302
-73.91932333,40.80423333,1.022099997997284,1.025
-73.91854833,40.81467667,1.025719979405403,1.0265
-73.95812833,40.82145,1.0166400265693665,1.0207017406452705
-73.95597,40.81442,1.018405030965805,1.0203627126656463
-73.93626,40.856415,1.0133299779891969,1.0221885150303653
-73.99162667,40.77018333,1.0093499863147735,1.0056991479424113
-73.9269,40.82824,1.0157550126314163,1.0178553028381412
-73.92123667,40.80425167,1.0187749922275544,1.019925666389438
-73.89917,40.84107,1.0239100122451783,1.0275
-73.88878333,40.82164667,1.0132100015878678,1.0140395966651963
-73.90921167,40.82412667,1.0244349837303162,1.025
-73.92884,40.80909833,1.0270049917697905,1.0335
-73.89103333,40.82503167,1.0209349966049195,1.025155845904867
-73.91491,40.818105,1.0348149633407593,1.037
-73.92616,40.80627833,1.0288549911975862,1.0335
-73.94718333,40.80845833,1.027970010638237,1.031
-73.91743333,40.81610667,1.0323300123214723,1.0325000000000002
-73.91445333,40.80555833,1.022245010137558,1.030457133879489
-73.91591667,40.817195,1.0320050096511841,1.0325
-73.91909667,40.814215,1.0324700003862382,1.039317523125445
-73.93051833,40.81357667,1.0339199960231782,1.0346594122999981
-73.90755667,40.80937,1.0292799693346024,1.0285
-73.91728,40.81619667,1.0346799898147583,1.0345
-73.891795,40.82432,1.022380000948906,1.030477445032512
-73.93133,40.82969667,1.0236349838972092,1.03393437303562
-73.93543667,40.85721333,1.0145250087976456,1.0320839811304316
-73.89111167,40.82498333,1.0205900061130524,1.0215
-73.93073,40.81428833,1.032450009584427,1.0327776123618002
-73.89134,40.82487,1.0248500102758407,1.030173306516279
-73.89255833,40.818625,1.024865002632141,1.0189450344951638
-73.93105667,40.857525,1.0288900089263917,1.032129361784801
-73.91175833,40.80445,1.0336150062084197,1.0355
-73.94712167,40.80843333,1.0297750043869018,1.0310972199715198
-73.933035,40.85603167,1.0306200122833251,1.0298172497494478
-73.909155,40.813145,1.0231850063800811,1.0295
-73.92142333,40.81104333,1.0254749965667724,1.0267694950256516
-73.9304,40.81352833,1.0310499954223633,1.0362551037606271
-73.92879167,40.80903667,1.027900003194809,1.0290186712969391
-73.91342167,40.80518333,1.0317999958992004,1.037
-73.92964667,40.812905,1.0249400120973586,1.0309038586108907
-73.92874167,40.80898833,1.0289050096273422,1.0287887467556125
-73.91809667,40.81502667,1.0311099982261658,1.0345
-73.93569667,40.854865,1.0240799814462662,1.0266860085912155
-73.89262167,40.81855,1.026355004310608,1.0276930754626092
-73.91469833,40.81827167,1.0384100222587584,1.0455
-73.93084667,40.81395,1.0360299718379975,1.038031337292468
-73.93458833,40.85452333,1.0351050251722336,1.0405000000000002
-73.92854167,40.80894167,1.030685008764267,1.043
-73.912115,40.80492667,1.0288550078868866,1.031
-73.911665,40.82198,1.0190299886465073,1.0415
-73.91938833,40.81380333,1.0242999935150146,1.0395000000000003
-73.93103333,40.83317833,1.0360799884796144,1.0444999999999998
-73.93464667,40.85454167,1.0383400321006775,1.0405000000000002
-73.91722333,40.81541333,1.039194997549057,1.0394999999999999
-73.911645,40.80440167,1.033614993095398,1.0368190677263578
